-- MySQL Script generated by MySQL Workbench
-- Mon Sep  4 11:43:11 2017
-- Model: New Model    Version: 1.0
-- MySQL Workbench Forward Engineering

SET @OLD_UNIQUE_CHECKS=@@UNIQUE_CHECKS, UNIQUE_CHECKS=0;
SET @OLD_FOREIGN_KEY_CHECKS=@@FOREIGN_KEY_CHECKS, FOREIGN_KEY_CHECKS=0;
SET @OLD_SQL_MODE=@@SQL_MODE, SQL_MODE='TRADITIONAL,ALLOW_INVALID_DATES';

-- -----------------------------------------------------
-- Schema zulishop
-- -----------------------------------------------------

-- -----------------------------------------------------
-- Schema zulishop
-- -----------------------------------------------------
CREATE SCHEMA IF NOT EXISTS `zulishop` DEFAULT CHARACTER SET utf8 ;
USE `zulishop` ;

-- -----------------------------------------------------
-- Table `zulishop`.`Client`
-- -----------------------------------------------------
DROP TABLE IF EXISTS `zulishop`.`Client` ;

CREATE TABLE IF NOT EXISTS `zulishop`.`Client` (
  `id` INT NOT NULL AUTO_INCREMENT,
  `username` VARCHAR(45) NOT NULL,
  `password` VARCHAR(300) NOT NULL,
  `email` VARCHAR(45) NOT NULL,
  PRIMARY KEY (`id`),
  UNIQUE INDEX `email_UNIQUE` (`email` ASC),
  UNIQUE INDEX `username_UNIQUE` (`username` ASC))
ENGINE = InnoDB;


-- -----------------------------------------------------
-- Table `zulishop`.`Rol`
-- -----------------------------------------------------
DROP TABLE IF EXISTS `zulishop`.`Rol` ;

CREATE TABLE IF NOT EXISTS `zulishop`.`Rol` (
  `id` INT NOT NULL AUTO_INCREMENT,
  `rol` VARCHAR(45) NOT NULL,
  `start` VARCHAR(60) NULL DEFAULT 'Blank/',
  PRIMARY KEY (`id`))
ENGINE = InnoDB;


-- -----------------------------------------------------
-- Table `zulishop`.`User`
-- -----------------------------------------------------
DROP TABLE IF EXISTS `zulishop`.`User` ;

CREATE TABLE IF NOT EXISTS `zulishop`.`User` (
  `id` INT NOT NULL AUTO_INCREMENT,
  `username` VARCHAR(45) NOT NULL,
  `password` VARCHAR(300) NOT NULL,
  `email` VARCHAR(45) NOT NULL,
  `rol` INT NOT NULL,
  PRIMARY KEY (`id`),
  UNIQUE INDEX `username_UNIQUE` (`username` ASC),
  UNIQUE INDEX `email_UNIQUE` (`email` ASC),
  INDEX `fk_User_Rol_idx` (`rol` ASC),
  CONSTRAINT `fk_User_Rol`
    FOREIGN KEY (`rol`)
    REFERENCES `zulishop`.`Rol` (`id`)
    ON DELETE NO ACTION
    ON UPDATE NO ACTION)
ENGINE = InnoDB;


-- -----------------------------------------------------
-- Table `zulishop`.`Category`
-- -----------------------------------------------------
DROP TABLE IF EXISTS `zulishop`.`Category` ;

CREATE TABLE IF NOT EXISTS `zulishop`.`Category` (
  `id` INT NOT NULL AUTO_INCREMENT,
  `name` VARCHAR(45) NOT NULL,
  `parent` INT NULL DEFAULT NULL,
  PRIMARY KEY (`id`),
  UNIQUE INDEX `name_UNIQUE` (`name` ASC),
  INDEX `fk_Category_Category1_idx` (`parent` ASC),
  CONSTRAINT `fk_Category_Category1`
    FOREIGN KEY (`parent`)
    REFERENCES `zulishop`.`Category` (`id`)
    ON DELETE NO ACTION
    ON UPDATE NO ACTION)
ENGINE = InnoDB;


-- -----------------------------------------------------
-- Table `zulishop`.`Subcategory`
-- -----------------------------------------------------
DROP TABLE IF EXISTS `zulishop`.`Subcategory` ;

CREATE TABLE IF NOT EXISTS `zulishop`.`Subcategory` (
  `id` INT NOT NULL AUTO_INCREMENT,
  `name` VARCHAR(45) NOT NULL,
  `category` INT NOT NULL,
  PRIMARY KEY (`id`),
  UNIQUE INDEX `name_UNIQUE` (`name` ASC),
  INDEX `fk_Subcategory_Category1_idx` (`category` ASC),
  CONSTRAINT `fk_Subcategory_Category1`
    FOREIGN KEY (`category`)
    REFERENCES `zulishop`.`Category` (`id`)
    ON DELETE NO ACTION
    ON UPDATE NO ACTION)
ENGINE = InnoDB;


-- -----------------------------------------------------
-- Table `zulishop`.`Brand`
-- -----------------------------------------------------
DROP TABLE IF EXISTS `zulishop`.`Brand` ;

CREATE TABLE IF NOT EXISTS `zulishop`.`Brand` (
  `id` INT NOT NULL AUTO_INCREMENT,
  `name` VARCHAR(45) NOT NULL,
  `logo` VARCHAR(128) NULL,
  PRIMARY KEY (`id`))
ENGINE = InnoDB;


-- -----------------------------------------------------
-- Table `zulishop`.`Product`
-- -----------------------------------------------------
DROP TABLE IF EXISTS `zulishop`.`Product` ;

CREATE TABLE IF NOT EXISTS `zulishop`.`Product` (
  `id` INT NOT NULL AUTO_INCREMENT,
  `name` VARCHAR(45) NOT NULL,
  `price` DECIMAL(15,2) NOT NULL DEFAULT 0,
  `quantity` VARCHAR(45) NOT NULL DEFAULT 0,
  `brand` INT NOT NULL,
  `disscount` INT NULL DEFAULT 0,
  `image` VARCHAR(200) NULL,
  PRIMARY KEY (`id`),
  INDEX `fk_Product_Brand1_idx` (`brand` ASC),
  CONSTRAINT `fk_Product_Brand1`
    FOREIGN KEY (`brand`)
    REFERENCES `zulishop`.`Brand` (`id`)
    ON DELETE NO ACTION
    ON UPDATE NO ACTION)
ENGINE = InnoDB;


-- -----------------------------------------------------
-- Table `zulishop`.`Provider`
-- -----------------------------------------------------
DROP TABLE IF EXISTS `zulishop`.`Provider` ;

CREATE TABLE IF NOT EXISTS `zulishop`.`Provider` (
  `id` INT NOT NULL AUTO_INCREMENT,
  `name` VARCHAR(45) NOT NULL,
  `tel` VARCHAR(45) NOT NULL,
  `email` VARCHAR(45) NOT NULL,
  `address` VARCHAR(45) NOT NULL,
  PRIMARY KEY (`id`))
ENGINE = InnoDB;


-- -----------------------------------------------------
-- Table `zulishop`.`Product_x_Provider`
-- -----------------------------------------------------
DROP TABLE IF EXISTS `zulishop`.`Product_x_Provider` ;

CREATE TABLE IF NOT EXISTS `zulishop`.`Product_x_Provider` (
  `Product_id` INT NOT NULL,
  `Provider_id` INT NOT NULL,
  PRIMARY KEY (`Product_id`, `Provider_id`),
  INDEX `fk_Product_has_Provider_Provider1_idx` (`Provider_id` ASC),
  INDEX `fk_Product_has_Provider_Product1_idx` (`Product_id` ASC),
  CONSTRAINT `fk_Product_has_Provider_Product1`
    FOREIGN KEY (`Product_id`)
    REFERENCES `zulishop`.`Product` (`id`)
    ON DELETE NO ACTION
    ON UPDATE NO ACTION,
  CONSTRAINT `fk_Product_has_Provider_Provider1`
    FOREIGN KEY (`Provider_id`)
    REFERENCES `zulishop`.`Provider` (`id`)
    ON DELETE NO ACTION
    ON UPDATE NO ACTION)
ENGINE = InnoDB;


-- -----------------------------------------------------
-- Table `zulishop`.`Product_x_Category`
-- -----------------------------------------------------
DROP TABLE IF EXISTS `zulishop`.`Product_x_Category` ;

CREATE TABLE IF NOT EXISTS `zulishop`.`Product_x_Category` (
  `idProduct` INT NOT NULL,
  `idCategory` INT NOT NULL,
  PRIMARY KEY (`idProduct`, `idCategory`),
  INDEX `fk_Product_has_Category_Category1_idx` (`idCategory` ASC),
  INDEX `fk_Product_has_Category_Product1_idx` (`idProduct` ASC),
  CONSTRAINT `fk_Product_has_Category_Product1`
    FOREIGN KEY (`idProduct`)
    REFERENCES `zulishop`.`Product` (`id`)
    ON DELETE NO ACTION
    ON UPDATE NO ACTION,
  CONSTRAINT `fk_Product_has_Category_Category1`
    FOREIGN KEY (`idCategory`)
    REFERENCES `zulishop`.`Category` (`id`)
    ON DELETE NO ACTION
    ON UPDATE NO ACTION)
ENGINE = InnoDB;


-- -----------------------------------------------------
-- Table `zulishop`.`ShoppingCar`
-- -----------------------------------------------------
DROP TABLE IF EXISTS `zulishop`.`ShoppingCar` ;

CREATE TABLE IF NOT EXISTS `zulishop`.`ShoppingCar` (
  `Client_id` INT NOT NULL,
  `Product_id` INT NOT NULL,
  `quantity` INT NOT NULL DEFAULT 1,
  PRIMARY KEY (`Client_id`, `Product_id`),
  INDEX `fk_Client_has_Product_Product1_idx` (`Product_id` ASC),
  INDEX `fk_Client_has_Product_Client1_idx` (`Client_id` ASC),
  CONSTRAINT `fk_Client_has_Product_Client1`
    FOREIGN KEY (`Client_id`)
    REFERENCES `zulishop`.`Client` (`id`)
    ON DELETE NO ACTION
    ON UPDATE NO ACTION,
  CONSTRAINT `fk_Client_has_Product_Product1`
    FOREIGN KEY (`Product_id`)
    REFERENCES `zulishop`.`Product` (`id`)
    ON DELETE NO ACTION
    ON UPDATE NO ACTION)
ENGINE = InnoDB;


-- -----------------------------------------------------
-- Table `zulishop`.`Receipt`
-- -----------------------------------------------------
DROP TABLE IF EXISTS `zulishop`.`Receipt` ;

CREATE TABLE IF NOT EXISTS `zulishop`.`Receipt` (
  `id` INT NOT NULL AUTO_INCREMENT,
  `date` TIMESTAMP NOT NULL,
  `client` INT NOT NULL,
  `total` DECIMAL(15,2) NOT NULL,
  PRIMARY KEY (`id`),
  INDEX `fk_Receipt_Client1_idx` (`client` ASC),
  CONSTRAINT `fk_Receipt_Client1`
    FOREIGN KEY (`client`)
    REFERENCES `zulishop`.`Client` (`id`)
    ON DELETE NO ACTION
    ON UPDATE NO ACTION)
ENGINE = InnoDB;


-- -----------------------------------------------------
-- Table `zulishop`.`Promotion`
-- -----------------------------------------------------
DROP TABLE IF EXISTS `zulishop`.`Promotion` ;

CREATE TABLE IF NOT EXISTS `zulishop`.`Promotion` (
  `id` INT NOT NULL AUTO_INCREMENT,
  `descripcion` VARCHAR(100) NULL,
  PRIMARY KEY (`id`))
ENGINE = InnoDB;


-- -----------------------------------------------------
-- Table `zulishop`.`Product_x_Receipt`
-- -----------------------------------------------------
DROP TABLE IF EXISTS `zulishop`.`Product_x_Receipt` ;

CREATE TABLE IF NOT EXISTS `zulishop`.`Product_x_Receipt` (
  `idProduct` INT NOT NULL,
  `idReceipt` INT NOT NULL,
  `quantity` INT NOT NULL,
  `price` DECIMAL(15,2) NOT NULL COMMENT 'Unit price at time of sale',
  `Promotion_id` INT NULL,
  PRIMARY KEY (`idProduct`, `idReceipt`),
  INDEX `fk_Product_has_Receipt_Receipt1_idx` (`idReceipt` ASC),
  INDEX `fk_Product_has_Receipt_Product1_idx` (`idProduct` ASC),
  INDEX `fk_Product_x_Receipt_Promotion1_idx` (`Promotion_id` ASC),
  CONSTRAINT `fk_Product_has_Receipt_Product1`
    FOREIGN KEY (`idProduct`)
    REFERENCES `zulishop`.`Product` (`id`)
    ON DELETE NO ACTION
    ON UPDATE NO ACTION,
  CONSTRAINT `fk_Product_has_Receipt_Receipt1`
    FOREIGN KEY (`idReceipt`)
    REFERENCES `zulishop`.`Receipt` (`id`)
    ON DELETE NO ACTION
    ON UPDATE NO ACTION,
  CONSTRAINT `fk_Product_x_Receipt_Promotion1`
    FOREIGN KEY (`Promotion_id`)
    REFERENCES `zulishop`.`Promotion` (`id`)
    ON DELETE NO ACTION
    ON UPDATE NO ACTION)
ENGINE = InnoDB;


-- -----------------------------------------------------
-- Table `zulishop`.`Menu`
-- -----------------------------------------------------
DROP TABLE IF EXISTS `zulishop`.`Menu` ;

CREATE TABLE IF NOT EXISTS `zulishop`.`Menu` (
  `id` INT NOT NULL AUTO_INCREMENT,
  `name` VARCHAR(45) NOT NULL,
  `rol` INT NOT NULL,
  PRIMARY KEY (`id`),
  INDEX `fk_Menu_Rol1_idx` (`rol` ASC),
  CONSTRAINT `fk_Menu_Rol1`
    FOREIGN KEY (`rol`)
    REFERENCES `zulishop`.`Rol` (`id`)
    ON DELETE NO ACTION
    ON UPDATE NO ACTION)
ENGINE = InnoDB;


-- -----------------------------------------------------
-- Table `zulishop`.`MenuItem`
-- -----------------------------------------------------
DROP TABLE IF EXISTS `zulishop`.`MenuItem` ;

CREATE TABLE IF NOT EXISTS `zulishop`.`MenuItem` (
  `id` INT NOT NULL AUTO_INCREMENT,
  `name` VARCHAR(45) NOT NULL,
  `url` VARCHAR(256) NOT NULL,
  `parent` INT NULL,
  PRIMARY KEY (`id`),
  INDEX `fk_MenuItem_MenuItem1_idx` (`parent` ASC),
  CONSTRAINT `fk_MenuItem_MenuItem1`
    FOREIGN KEY (`parent`)
    REFERENCES `zulishop`.`MenuItem` (`id`)
    ON DELETE NO ACTION
    ON UPDATE NO ACTION)
ENGINE = InnoDB;


-- -----------------------------------------------------
-- Table `zulishop`.`Menu_x_Item`
-- -----------------------------------------------------
DROP TABLE IF EXISTS `zulishop`.`Menu_x_Item` ;

CREATE TABLE IF NOT EXISTS `zulishop`.`Menu_x_Item` (
  `Menu_id` INT NOT NULL,
  `MenuItem_id` INT NOT NULL,
  PRIMARY KEY (`Menu_id`, `MenuItem_id`),
  INDEX `fk_Menu_has_MenuItem_MenuItem1_idx` (`MenuItem_id` ASC),
  INDEX `fk_Menu_has_MenuItem_Menu1_idx` (`Menu_id` ASC),
  CONSTRAINT `fk_Menu_has_MenuItem_Menu1`
    FOREIGN KEY (`Menu_id`)
    REFERENCES `zulishop`.`Menu` (`id`)
    ON DELETE NO ACTION
    ON UPDATE NO ACTION,
  CONSTRAINT `fk_Menu_has_MenuItem_MenuItem1`
    FOREIGN KEY (`MenuItem_id`)
    REFERENCES `zulishop`.`MenuItem` (`id`)
    ON DELETE NO ACTION
    ON UPDATE NO ACTION)
ENGINE = InnoDB;


-- -----------------------------------------------------
-- Table `zulishop`.`Comment`
-- -----------------------------------------------------
DROP TABLE IF EXISTS `zulishop`.`Comment` ;

CREATE TABLE IF NOT EXISTS `zulishop`.`Comment` (
  `id` INT NOT NULL AUTO_INCREMENT,
  `idProduct` INT NOT NULL,
  `idCliente` INT NOT NULL,
  `description` VARCHAR(200) NULL,
  PRIMARY KEY (`id`, `idProduct`, `idCliente`),
  INDEX `fk_Comment_Product1_idx` (`idProduct` ASC),
  INDEX `fk_Comment_Client1_idx` (`idCliente` ASC),
  CONSTRAINT `fk_Comment_Product1`
    FOREIGN KEY (`idProduct`)
    REFERENCES `zulishop`.`Product` (`id`)
    ON DELETE NO ACTION
    ON UPDATE NO ACTION,
  CONSTRAINT `fk_Comment_Client1`
    FOREIGN KEY (`idCliente`)
    REFERENCES `zulishop`.`Client` (`id`)
    ON DELETE NO ACTION
    ON UPDATE NO ACTION)
ENGINE = InnoDB;


-- -----------------------------------------------------
-- Table `zulishop`.`Calification`
-- -----------------------------------------------------
DROP TABLE IF EXISTS `zulishop`.`Calification` ;

CREATE TABLE IF NOT EXISTS `zulishop`.`Calification` (
  `id` INT NOT NULL AUTO_INCREMENT,
  `idProducto` INT NOT NULL,
  `idCliente` INT NOT NULL,
  `calification` INT NULL,
  PRIMARY KEY (`id`, `idProducto`, `idCliente`),
  INDEX `fk_Calification_Product1_idx` (`idProducto` ASC),
  INDEX `fk_Calification_Client1_idx` (`idCliente` ASC),
  CONSTRAINT `fk_Calification_Product1`
    FOREIGN KEY (`idProducto`)
    REFERENCES `zulishop`.`Product` (`id`)
    ON DELETE NO ACTION
    ON UPDATE NO ACTION,
  CONSTRAINT `fk_Calification_Client1`
    FOREIGN KEY (`idCliente`)
    REFERENCES `zulishop`.`Client` (`id`)
    ON DELETE NO ACTION
    ON UPDATE NO ACTION)
ENGINE = InnoDB;


SET SQL_MODE=@OLD_SQL_MODE;
SET FOREIGN_KEY_CHECKS=@OLD_FOREIGN_KEY_CHECKS;
SET UNIQUE_CHECKS=@OLD_UNIQUE_CHECKS;

-- -----------------------------------------------------
-- Data for table `zulishop`.`Client`
-- -----------------------------------------------------
START TRANSACTION;
USE `zulishop`;
INSERT INTO `zulishop`.`Client` (`id`, `username`, `password`, `email`) VALUES (1, 'Pedro', '1234', 'pepito@gmail.com');
INSERT INTO `zulishop`.`Client` (`id`, `username`, `password`, `email`) VALUES (2, 'Andres', '1234', 'andres@gamil.com');
INSERT INTO `zulishop`.`Client` (`id`, `username`, `password`, `email`) VALUES (3, 'Camila', '1234', 'cami@gmail.com');

COMMIT;


-- -----------------------------------------------------
-- Data for table `zulishop`.`Rol`
-- -----------------------------------------------------
START TRANSACTION;
USE `zulishop`;
INSERT INTO `zulishop`.`Rol` (`id`, `rol`, `start`) VALUES (1, 'SuperAdmin', 'Users/index');
INSERT INTO `zulishop`.`Rol` (`id`, `rol`, `start`) VALUES (2, 'Admin', 'Users/index');
INSERT INTO `zulishop`.`Rol` (`id`, `rol`, `start`) VALUES (3, 'SalesMan', 'Products/index');
INSERT INTO `zulishop`.`Rol` (`id`, `rol`, `start`) VALUES (4, 'CellarMan', 'Blank/');
INSERT INTO `zulishop`.`Rol` (`id`, `rol`, `start`) VALUES (5, 'Accountman', 'Blank/');

COMMIT;


-- -----------------------------------------------------
-- Data for table `zulishop`.`User`
-- -----------------------------------------------------
START TRANSACTION;
USE `zulishop`;
INSERT INTO `zulishop`.`User` (`id`, `username`, `password`, `email`, `rol`) VALUES (1, 'jefe', '1234', 'jefe@jefe.com', 1);
INSERT INTO `zulishop`.`User` (`id`, `username`, `password`, `email`, `rol`) VALUES (2, 'vendedor', '1234', 'test@test.com', 3);
INSERT INTO `zulishop`.`User` (`id`, `username`, `password`, `email`, `rol`) VALUES (3, 'admin', '1234', 'admin@admin.com', 2);
INSERT INTO `zulishop`.`User` (`id`, `username`, `password`, `email`, `rol`) VALUES (4, 'contador', '1234', 'contador@contador.com', 5);

COMMIT;


-- -----------------------------------------------------
-- Data for table `zulishop`.`Category`
-- -----------------------------------------------------
START TRANSACTION;
USE `zulishop`;
INSERT INTO `zulishop`.`Category` (`id`, `name`, `parent`) VALUES (1, 'Mujer', NULL);
INSERT INTO `zulishop`.`Category` (`id`, `name`, `parent`) VALUES (2, 'Hombre', NULL);
INSERT INTO `zulishop`.`Category` (`id`, `name`, `parent`) VALUES (3, 'Infantil', NULL);
INSERT INTO `zulishop`.`Category` (`id`, `name`, `parent`) VALUES (4, 'Promociones', NULL);
INSERT INTO `zulishop`.`Category` (`id`, `name`, `parent`) VALUES (5, 'Marcas', NULL);
INSERT INTO `zulishop`.`Category` (`id`, `name`, `parent`) VALUES (6, 'Vestidos', 1);
INSERT INTO `zulishop`.`Category` (`id`, `name`, `parent`) VALUES (7, 'Blusas', 1);
INSERT INTO `zulishop`.`Category` (`id`, `name`, `parent`) VALUES (8, 'Jeans', 2);
INSERT INTO `zulishop`.`Category` (`id`, `name`, `parent`) VALUES (9, 'Camisetas', 2);
INSERT INTO `zulishop`.`Category` (`id`, `name`, `parent`) VALUES (10, 'Ropa niño', 3);
INSERT INTO `zulishop`.`Category` (`id`, `name`, `parent`) VALUES (11, 'Ropa niña', 3);

COMMIT;


-- -----------------------------------------------------
-- Data for table `zulishop`.`Brand`
-- -----------------------------------------------------
START TRANSACTION;
USE `zulishop`;
INSERT INTO `zulishop`.`Brand` (`id`, `name`, `logo`) VALUES (1, 'Tennis', NULL);
INSERT INTO `zulishop`.`Brand` (`id`, `name`, `logo`) VALUES (2, 'Studio F', NULL);
INSERT INTO `zulishop`.`Brand` (`id`, `name`, `logo`) VALUES (3, 'Ela', NULL);
INSERT INTO `zulishop`.`Brand` (`id`, `name`, `logo`) VALUES (4, 'Levis ', NULL);
INSERT INTO `zulishop`.`Brand` (`id`, `name`, `logo`) VALUES (5, 'Arturo Calle', NULL);

COMMIT;


-- -----------------------------------------------------
-- Data for table `zulishop`.`Product`
-- -----------------------------------------------------
START TRANSACTION;
USE `zulishop`;
INSERT INTO `zulishop`.`Product` (`id`, `name`, `price`, `quantity`, `brand`, `disscount`, `image`) VALUES (1, 'Vestido sport', 79990, '20', 1, NULL, NULL);
INSERT INTO `zulishop`.`Product` (`id`, `name`, `price`, `quantity`, `brand`, `disscount`, `image`) VALUES (2, 'Vestido de rayas', 49900, '10', 1, NULL, NULL);
INSERT INTO `zulishop`.`Product` (`id`, `name`, `price`, `quantity`, `brand`, `disscount`, `image`) VALUES (3, 'Vestido flores bordado', 69900, '15', 2, NULL, NULL);
INSERT INTO `zulishop`.`Product` (`id`, `name`, `price`, `quantity`, `brand`, `disscount`, `image`) VALUES (4, 'kimono flores', 119900, '10', 3, NULL, NULL);
INSERT INTO `zulishop`.`Product` (`id`, `name`, `price`, `quantity`, `brand`, `disscount`, `image`) VALUES (5, 'Vestido manga larga flores', 109900, '15', 2, 50, NULL);
INSERT INTO `zulishop`.`Product` (`id`, `name`, `price`, `quantity`, `brand`, `disscount`, `image`) VALUES (6, 'Vestido negro lurex', 129900, '10', 1, NULL, NULL);
INSERT INTO `zulishop`.`Product` (`id`, `name`, `price`, `quantity`, `brand`, `disscount`, `image`) VALUES (7, 'Vestido largo animal print', 139900, '15', 2, 30, NULL);
INSERT INTO `zulishop`.`Product` (`id`, `name`, `price`, `quantity`, `brand`, `disscount`, `image`) VALUES (8, 'Blusa escote espalda', 89900, '30', 3, NULL, NULL);
INSERT INTO `zulishop`.`Product` (`id`, `name`, `price`, `quantity`, `brand`, `disscount`, `image`) VALUES (9, 'Top gris con bolero', 79900, '30', 1, 50, NULL);
INSERT INTO `zulishop`.`Product` (`id`, `name`, `price`, `quantity`, `brand`, `disscount`, `image`) VALUES (10, 'Crop top tejido cuello v', 71900, '30', 2, NULL, NULL);
INSERT INTO `zulishop`.`Product` (`id`, `name`, `price`, `quantity`, `brand`, `disscount`, `image`) VALUES (11, 'Body frente cruzado', 79900, '20', 3, 30, NULL);
INSERT INTO `zulishop`.`Product` (`id`, `name`, `price`, `quantity`, `brand`, `disscount`, `image`) VALUES (12, 'Body con escote', 39900, '15', 2, NULL, NULL);
INSERT INTO `zulishop`.`Product` (`id`, `name`, `price`, `quantity`, `brand`, `disscount`, `image`) VALUES (13, 'Camisa de tiras', 79900, '20', 1, NULL, NULL);
INSERT INTO `zulishop`.`Product` (`id`, `name`, `price`, `quantity`, `brand`, `disscount`, `image`) VALUES (14, 'Top con encaje interno', 69900, '20', 3, 20, NULL);
INSERT INTO `zulishop`.`Product` (`id`, `name`, `price`, `quantity`, `brand`, `disscount`, `image`) VALUES (15, 'Blusa amarilla ', 39900, '20', 3, NULL, NULL);
INSERT INTO `zulishop`.`Product` (`id`, `name`, `price`, `quantity`, `brand`, `disscount`, `image`) VALUES (16, 'Jean azul desgastado', 169900, '15', 4, NULL, NULL);
INSERT INTO `zulishop`.`Product` (`id`, `name`, `price`, `quantity`, `brand`, `disscount`, `image`) VALUES (17, 'Jean silueta gareto ', 169900, '20', 1, NULL, NULL);
INSERT INTO `zulishop`.`Product` (`id`, `name`, `price`, `quantity`, `brand`, `disscount`, `image`) VALUES (18, 'Jean nudy ', 169900, '30', 4, 30, NULL);
INSERT INTO `zulishop`.`Product` (`id`, `name`, `price`, `quantity`, `brand`, `disscount`, `image`) VALUES (19, 'Jean skinny negro', 169900, '30', 5, 30, NULL);
INSERT INTO `zulishop`.`Product` (`id`, `name`, `price`, `quantity`, `brand`, `disscount`, `image`) VALUES (20, 'Jean nuddy tono oscuro', 199900, '15', 5, NULL, NULL);
INSERT INTO `zulishop`.`Product` (`id`, `name`, `price`, `quantity`, `brand`, `disscount`, `image`) VALUES (21, 'Jean skinny color blanco', 179900, '20', 1, NULL, NULL);
INSERT INTO `zulishop`.`Product` (`id`, `name`, `price`, `quantity`, `brand`, `disscount`, `image`) VALUES (22, 'Jean gris skinny', 229900, '20', 4, NULL, NULL);
INSERT INTO `zulishop`.`Product` (`id`, `name`, `price`, `quantity`, `brand`, `disscount`, `image`) VALUES (23, 'Jean negro con resina ', 199900, '20', 5, 30, NULL);
INSERT INTO `zulishop`.`Product` (`id`, `name`, `price`, `quantity`, `brand`, `disscount`, `image`) VALUES (24, 'Camisa rayas azul', 99900, '20', 1, NULL, NULL);
INSERT INTO `zulishop`.`Product` (`id`, `name`, `price`, `quantity`, `brand`, `disscount`, `image`) VALUES (25, 'Camisa verde en drill', 119900, '30', 4, NULL, NULL);
INSERT INTO `zulishop`.`Product` (`id`, `name`, `price`, `quantity`, `brand`, `disscount`, `image`) VALUES (26, 'Camisa manga larga estampada', 129900, '30', 4, NULL, NULL);
INSERT INTO `zulishop`.`Product` (`id`, `name`, `price`, `quantity`, `brand`, `disscount`, `image`) VALUES (27, 'Camisa de lino perilla media', 139900, '30', 5, NULL, NULL);
INSERT INTO `zulishop`.`Product` (`id`, `name`, `price`, `quantity`, `brand`, `disscount`, `image`) VALUES (28, 'Camisa clásica azul ', 99900, '20', 1, NULL, NULL);
INSERT INTO `zulishop`.`Product` (`id`, `name`, `price`, `quantity`, `brand`, `disscount`, `image`) VALUES (29, 'Camisa blanca con manitos', 119900, '25', 5, 30, NULL);
INSERT INTO `zulishop`.`Product` (`id`, `name`, `price`, `quantity`, `brand`, `disscount`, `image`) VALUES (30, 'Camisa con piñitas', 129900, '20', 1, 30, NULL);
INSERT INTO `zulishop`.`Product` (`id`, `name`, `price`, `quantity`, `brand`, `disscount`, `image`) VALUES (31, 'Polo vino con rayas', 49900, '20', 1, 60, NULL);
INSERT INTO `zulishop`.`Product` (`id`, `name`, `price`, `quantity`, `brand`, `disscount`, `image`) VALUES (32, 'Polo básica azul ', 69900, '30', 4, NULL, NULL);
INSERT INTO `zulishop`.`Product` (`id`, `name`, `price`, `quantity`, `brand`, `disscount`, `image`) VALUES (33, 'Polo estampado aves ', 54900, '30', 1, 30, NULL);
INSERT INTO `zulishop`.`Product` (`id`, `name`, `price`, `quantity`, `brand`, `disscount`, `image`) VALUES (34, 'Camisa básica roja', 49900, '30', 4, NULL, NULL);
INSERT INTO `zulishop`.`Product` (`id`, `name`, `price`, `quantity`, `brand`, `disscount`, `image`) VALUES (35, 'Bermuda estampado flores', 89900, '30', 1, NULL, NULL);
INSERT INTO `zulishop`.`Product` (`id`, `name`, `price`, `quantity`, `brand`, `disscount`, `image`) VALUES (36, 'Bermuda cargo verde', 55900, '20', 4, NULL, NULL);
INSERT INTO `zulishop`.`Product` (`id`, `name`, `price`, `quantity`, `brand`, `disscount`, `image`) VALUES (37, 'Pantalon color mostaza ', 89900, '30', 1, NULL, NULL);
INSERT INTO `zulishop`.`Product` (`id`, `name`, `price`, `quantity`, `brand`, `disscount`, `image`) VALUES (38, 'Enterizo corto metalizado ', 82900, '20', 3, 30, NULL);
INSERT INTO `zulishop`.`Product` (`id`, `name`, `price`, `quantity`, `brand`, `disscount`, `image`) VALUES (39, 'Overall denim en short', 72000, '30', 2, NULL, NULL);
INSERT INTO `zulishop`.`Product` (`id`, `name`, `price`, `quantity`, `brand`, `disscount`, `image`) VALUES (40, 'Vestido manga larga con boleros', 79900, '30', 1, NULL, NULL);
INSERT INTO `zulishop`.`Product` (`id`, `name`, `price`, `quantity`, `brand`, `disscount`, `image`) VALUES (41, 'Camisa con bordado en frente', 99900, '15', 2, 30, NULL);
INSERT INTO `zulishop`.`Product` (`id`, `name`, `price`, `quantity`, `brand`, `disscount`, `image`) VALUES (42, 'Falda cintura resortada', 50300, '20', 3, NULL, NULL);
INSERT INTO `zulishop`.`Product` (`id`, `name`, `price`, `quantity`, `brand`, `disscount`, `image`) VALUES (43, 'Falda corta con cintura', 79900, '15', 1, NULL, NULL);
INSERT INTO `zulishop`.`Product` (`id`, `name`, `price`, `quantity`, `brand`, `disscount`, `image`) VALUES (44, 'Jean ruedo desflecado', 99900, '20', 1, NULL, NULL);
INSERT INTO `zulishop`.`Product` (`id`, `name`, `price`, `quantity`, `brand`, `disscount`, `image`) VALUES (45, 'Camisa larga a cuadros', 89900, '25', 2, NULL, NULL);
INSERT INTO `zulishop`.`Product` (`id`, `name`, `price`, `quantity`, `brand`, `disscount`, `image`) VALUES (46, 'Blusa blanca con tiras', 68900, '13', 1, NULL, NULL);
INSERT INTO `zulishop`.`Product` (`id`, `name`, `price`, `quantity`, `brand`, `disscount`, `image`) VALUES (47, 'Pantalon infantil', 60000, '8', 3, NULL, NULL);

COMMIT;


-- -----------------------------------------------------
-- Data for table `zulishop`.`Provider`
-- -----------------------------------------------------
START TRANSACTION;
USE `zulishop`;
INSERT INTO `zulishop`.`Provider` (`id`, `name`, `tel`, `email`, `address`) VALUES (1, 'Stfgroup S.A', '6850000', 'stfgroup@stf.com', 'Cra. 34 #10581, Yumbo');
INSERT INTO `zulishop`.`Provider` (`id`, `name`, `tel`, `email`, `address`) VALUES (2, 'Levi Strauss & Co.', '9876009', 'levi@levis.com', 'Cra. 34#1233, Cali');
INSERT INTO `zulishop`.`Provider` (`id`, `name`, `tel`, `email`, `address`) VALUES (3, 'Comercializadora Arturo Calle S.A.S. ', '9890979', 'ac@arturo.com', 'Bogota, Colombia');

COMMIT;


-- -----------------------------------------------------
-- Data for table `zulishop`.`Product_x_Category`
-- -----------------------------------------------------
START TRANSACTION;
USE `zulishop`;
INSERT INTO `zulishop`.`Product_x_Category` (`idProduct`, `idCategory`) VALUES (1, 6);
INSERT INTO `zulishop`.`Product_x_Category` (`idProduct`, `idCategory`) VALUES (2, 6);
INSERT INTO `zulishop`.`Product_x_Category` (`idProduct`, `idCategory`) VALUES (3, 6);
INSERT INTO `zulishop`.`Product_x_Category` (`idProduct`, `idCategory`) VALUES (4, 6);
INSERT INTO `zulishop`.`Product_x_Category` (`idProduct`, `idCategory`) VALUES (5, 6);
INSERT INTO `zulishop`.`Product_x_Category` (`idProduct`, `idCategory`) VALUES (6, 6);
INSERT INTO `zulishop`.`Product_x_Category` (`idProduct`, `idCategory`) VALUES (7, 6);
INSERT INTO `zulishop`.`Product_x_Category` (`idProduct`, `idCategory`) VALUES (8, 7);
INSERT INTO `zulishop`.`Product_x_Category` (`idProduct`, `idCategory`) VALUES (9, 7);
INSERT INTO `zulishop`.`Product_x_Category` (`idProduct`, `idCategory`) VALUES (10, 7);
INSERT INTO `zulishop`.`Product_x_Category` (`idProduct`, `idCategory`) VALUES (11, 7);
INSERT INTO `zulishop`.`Product_x_Category` (`idProduct`, `idCategory`) VALUES (12, 7);
INSERT INTO `zulishop`.`Product_x_Category` (`idProduct`, `idCategory`) VALUES (13, 7);
INSERT INTO `zulishop`.`Product_x_Category` (`idProduct`, `idCategory`) VALUES (14, 7);
INSERT INTO `zulishop`.`Product_x_Category` (`idProduct`, `idCategory`) VALUES (15, 7);
INSERT INTO `zulishop`.`Product_x_Category` (`idProduct`, `idCategory`) VALUES (16, 8);
INSERT INTO `zulishop`.`Product_x_Category` (`idProduct`, `idCategory`) VALUES (17, 8);
INSERT INTO `zulishop`.`Product_x_Category` (`idProduct`, `idCategory`) VALUES (18, 8);
INSERT INTO `zulishop`.`Product_x_Category` (`idProduct`, `idCategory`) VALUES (19, 8);
INSERT INTO `zulishop`.`Product_x_Category` (`idProduct`, `idCategory`) VALUES (20, 8);
INSERT INTO `zulishop`.`Product_x_Category` (`idProduct`, `idCategory`) VALUES (21, 8);
INSERT INTO `zulishop`.`Product_x_Category` (`idProduct`, `idCategory`) VALUES (22, 8);
INSERT INTO `zulishop`.`Product_x_Category` (`idProduct`, `idCategory`) VALUES (23, 8);
INSERT INTO `zulishop`.`Product_x_Category` (`idProduct`, `idCategory`) VALUES (24, 9);
INSERT INTO `zulishop`.`Product_x_Category` (`idProduct`, `idCategory`) VALUES (25, 9);
INSERT INTO `zulishop`.`Product_x_Category` (`idProduct`, `idCategory`) VALUES (26, 9);
INSERT INTO `zulishop`.`Product_x_Category` (`idProduct`, `idCategory`) VALUES (27, 9);
INSERT INTO `zulishop`.`Product_x_Category` (`idProduct`, `idCategory`) VALUES (28, 9);
INSERT INTO `zulishop`.`Product_x_Category` (`idProduct`, `idCategory`) VALUES (29, 9);
INSERT INTO `zulishop`.`Product_x_Category` (`idProduct`, `idCategory`) VALUES (30, 9);
INSERT INTO `zulishop`.`Product_x_Category` (`idProduct`, `idCategory`) VALUES (31, 10);
INSERT INTO `zulishop`.`Product_x_Category` (`idProduct`, `idCategory`) VALUES (32, 10);
INSERT INTO `zulishop`.`Product_x_Category` (`idProduct`, `idCategory`) VALUES (33, 10);
INSERT INTO `zulishop`.`Product_x_Category` (`idProduct`, `idCategory`) VALUES (34, 10);
INSERT INTO `zulishop`.`Product_x_Category` (`idProduct`, `idCategory`) VALUES (35, 10);
INSERT INTO `zulishop`.`Product_x_Category` (`idProduct`, `idCategory`) VALUES (36, 10);
INSERT INTO `zulishop`.`Product_x_Category` (`idProduct`, `idCategory`) VALUES (37, 10);
INSERT INTO `zulishop`.`Product_x_Category` (`idProduct`, `idCategory`) VALUES (38, 11);
INSERT INTO `zulishop`.`Product_x_Category` (`idProduct`, `idCategory`) VALUES (39, 11);
INSERT INTO `zulishop`.`Product_x_Category` (`idProduct`, `idCategory`) VALUES (40, 11);
INSERT INTO `zulishop`.`Product_x_Category` (`idProduct`, `idCategory`) VALUES (41, 11);
INSERT INTO `zulishop`.`Product_x_Category` (`idProduct`, `idCategory`) VALUES (42, 11);
INSERT INTO `zulishop`.`Product_x_Category` (`idProduct`, `idCategory`) VALUES (43, 11);
INSERT INTO `zulishop`.`Product_x_Category` (`idProduct`, `idCategory`) VALUES (44, 11);
INSERT INTO `zulishop`.`Product_x_Category` (`idProduct`, `idCategory`) VALUES (45, 11);

COMMIT;


-- -----------------------------------------------------
-- Data for table `zulishop`.`Receipt`
-- -----------------------------------------------------
START TRANSACTION;
USE `zulishop`;
INSERT INTO `zulishop`.`Receipt` (`id`, `date`, `client`, `total`) VALUES (1, '2017-09-09 04:24:15', 1, 500000);
INSERT INTO `zulishop`.`Receipt` (`id`, `date`, `client`, `total`) VALUES (2, '2017-09-10 06:05:15', 2, 300000);
INSERT INTO `zulishop`.`Receipt` (`id`, `date`, `client`, `total`) VALUES (3, '2017-06-09 04:24:15', 3, 345000);

COMMIT;


-- -----------------------------------------------------
-- Data for table `zulishop`.`Promotion`
-- -----------------------------------------------------
START TRANSACTION;
USE `zulishop`;
INSERT INTO `zulishop`.`Promotion` (`id`, `descripcion`) VALUES (1, 'Por la compra de 2 vestidos lleva una blusa con el 50% de descuento.');
INSERT INTO `zulishop`.`Promotion` (`id`, `descripcion`) VALUES (2, 'Por la compra de 3 blusas lleva la 4 gratis.');
INSERT INTO `zulishop`.`Promotion` (`id`, `descripcion`) VALUES (3, 'Por la compra de un jean mayor $200.000 lleva una camiseta.');
INSERT INTO `zulishop`.`Promotion` (`id`, `descripcion`) VALUES (4, 'por la compra de articulos infantiles lleva el 3 con el 50% de descuento.');

COMMIT;


-- -----------------------------------------------------
-- Data for table `zulishop`.`Product_x_Receipt`
-- -----------------------------------------------------
START TRANSACTION;
USE `zulishop`;
INSERT INTO `zulishop`.`Product_x_Receipt` (`idProduct`, `idReceipt`, `quantity`, `price`, `Promotion_id`) VALUES (3, 1, 1, 69900, NULL);
INSERT INTO `zulishop`.`Product_x_Receipt` (`idProduct`, `idReceipt`, `quantity`, `price`, `Promotion_id`) VALUES (8, 1, 1, 89900, NULL);
INSERT INTO `zulishop`.`Product_x_Receipt` (`idProduct`, `idReceipt`, `quantity`, `price`, `Promotion_id`) VALUES (17, 2, 2, 169900, NULL);
INSERT INTO `zulishop`.`Product_x_Receipt` (`idProduct`, `idReceipt`, `quantity`, `price`, `Promotion_id`) VALUES (24, 2, 1, 99900, NULL);
INSERT INTO `zulishop`.`Product_x_Receipt` (`idProduct`, `idReceipt`, `quantity`, `price`, `Promotion_id`) VALUES (29, 3, 2, 119900, NULL);
INSERT INTO `zulishop`.`Product_x_Receipt` (`idProduct`, `idReceipt`, `quantity`, `price`, `Promotion_id`) VALUES (6, 3, 9, 129900, NULL);
INSERT INTO `zulishop`.`Product_x_Receipt` (`idProduct`, `idReceipt`, `quantity`, `price`, `Promotion_id`) VALUES (7, 3, 6, 139900, NULL);

COMMIT;


-- -----------------------------------------------------
-- Data for table `zulishop`.`Menu`
-- -----------------------------------------------------
START TRANSACTION;
USE `zulishop`;
INSERT INTO `zulishop`.`Menu` (`id`, `name`, `rol`) VALUES (1, 'SuperMenu', 1);
INSERT INTO `zulishop`.`Menu` (`id`, `name`, `rol`) VALUES (2, 'SalesMan', 3);
INSERT INTO `zulishop`.`Menu` (`id`, `name`, `rol`) VALUES (3, 'Admin', 2);
INSERT INTO `zulishop`.`Menu` (`id`, `name`, `rol`) VALUES (4, 'AccountMan', 5);

COMMIT;


-- -----------------------------------------------------
-- Data for table `zulishop`.`MenuItem`
-- -----------------------------------------------------
START TRANSACTION;
USE `zulishop`;
INSERT INTO `zulishop`.`MenuItem` (`id`, `name`, `url`, `parent`) VALUES (1, 'Usuarios', 'Users', NULL);
INSERT INTO `zulishop`.`MenuItem` (`id`, `name`, `url`, `parent`) VALUES (2, 'Productos', 'Products', NULL);
INSERT INTO `zulishop`.`MenuItem` (`id`, `name`, `url`, `parent`) VALUES (3, 'Roles', 'Rols', NULL);
INSERT INTO `zulishop`.`MenuItem` (`id`, `name`, `url`, `parent`) VALUES (4, 'Marcas', 'Brand', NULL);
INSERT INTO `zulishop`.`MenuItem` (`id`, `name`, `url`, `parent`) VALUES (5, 'Clientes', 'Client', NULL);
INSERT INTO `zulishop`.`MenuItem` (`id`, `name`, `url`, `parent`) VALUES (6, 'Categorias', 'Category', NULL);
INSERT INTO `zulishop`.`MenuItem` (`id`, `name`, `url`, `parent`) VALUES (7, 'Proveedores', 'Provider', NULL);
INSERT INTO `zulishop`.`MenuItem` (`id`, `name`, `url`, `parent`) VALUES (8, 'Menu', 'Menu', NULL);
INSERT INTO `zulishop`.`MenuItem` (`id`, `name`, `url`, `parent`) VALUES (9, 'Facturas', 'Receipt', NULL);
INSERT INTO `zulishop`.`MenuItem` (`id`, `name`, `url`, `parent`) VALUES (10, 'Promociones ', 'Promotion', NULL);
INSERT INTO `zulishop`.`MenuItem` (`id`, `name`, `url`, `parent`) VALUES (12, 'Datos productos', 'Graphic', NULL);
INSERT INTO `zulishop`.`MenuItem` (`id`, `name`, `url`, `parent`) VALUES (11, 'Graficos', DEFAULT, NULL);

COMMIT;


-- -----------------------------------------------------
-- Data for table `zulishop`.`Menu_x_Item`
-- -----------------------------------------------------
START TRANSACTION;
USE `zulishop`;
INSERT INTO `zulishop`.`Menu_x_Item` (`Menu_id`, `MenuItem_id`) VALUES (1, 1);
INSERT INTO `zulishop`.`Menu_x_Item` (`Menu_id`, `MenuItem_id`) VALUES (1, 2);
INSERT INTO `zulishop`.`Menu_x_Item` (`Menu_id`, `MenuItem_id`) VALUES (2, 2);
INSERT INTO `zulishop`.`Menu_x_Item` (`Menu_id`, `MenuItem_id`) VALUES (1, 3);
INSERT INTO `zulishop`.`Menu_x_Item` (`Menu_id`, `MenuItem_id`) VALUES (1, 4);
INSERT INTO `zulishop`.`Menu_x_Item` (`Menu_id`, `MenuItem_id`) VALUES (1, 5);
INSERT INTO `zulishop`.`Menu_x_Item` (`Menu_id`, `MenuItem_id`) VALUES (1, 6);
INSERT INTO `zulishop`.`Menu_x_Item` (`Menu_id`, `MenuItem_id`) VALUES (1, 8);
INSERT INTO `zulishop`.`Menu_x_Item` (`Menu_id`, `MenuItem_id`) VALUES (1, 9);
INSERT INTO `zulishop`.`Menu_x_Item` (`Menu_id`, `MenuItem_id`) VALUES (1, 10);
INSERT INTO `zulishop`.`Menu_x_Item` (`Menu_id`, `MenuItem_id`) VALUES (2, 5);
INSERT INTO `zulishop`.`Menu_x_Item` (`Menu_id`, `MenuItem_id`) VALUES (2, 4);
INSERT INTO `zulishop`.`Menu_x_Item` (`Menu_id`, `MenuItem_id`) VALUES (3, 1);
INSERT INTO `zulishop`.`Menu_x_Item` (`Menu_id`, `MenuItem_id`) VALUES (2, 6);
INSERT INTO `zulishop`.`Menu_x_Item` (`Menu_id`, `MenuItem_id`) VALUES (3, 6);
INSERT INTO `zulishop`.`Menu_x_Item` (`Menu_id`, `MenuItem_id`) VALUES (3, 2);
INSERT INTO `zulishop`.`Menu_x_Item` (`Menu_id`, `MenuItem_id`) VALUES (3, 10);
INSERT INTO `zulishop`.`Menu_x_Item` (`Menu_id`, `MenuItem_id`) VALUES (3, 4);
INSERT INTO `zulishop`.`Menu_x_Item` (`Menu_id`, `MenuItem_id`) VALUES (4, 9);
INSERT INTO `zulishop`.`Menu_x_Item` (`Menu_id`, `MenuItem_id`) VALUES (3, 5);
INSERT INTO `zulishop`.`Menu_x_Item` (`Menu_id`, `MenuItem_id`) VALUES (1, 11);
INSERT INTO `zulishop`.`Menu_x_Item` (`Menu_id`, `MenuItem_id`) VALUES (2, 11);
INSERT INTO `zulishop`.`Menu_x_Item` (`Menu_id`, `MenuItem_id`) VALUES (3, 11);
INSERT INTO `zulishop`.`Menu_x_Item` (`Menu_id`, `MenuItem_id`) VALUES (4, 11);
INSERT INTO `zulishop`.`Menu_x_Item` (`Menu_id`, `MenuItem_id`) VALUES (1, 12);
INSERT INTO `zulishop`.`Menu_x_Item` (`Menu_id`, `MenuItem_id`) VALUES (2, 12);
INSERT INTO `zulishop`.`Menu_x_Item` (`Menu_id`, `MenuItem_id`) VALUES (3, 12);

COMMIT;


-- -----------------------------------------------------
-- Data for table `zulishop`.`Comment`
-- -----------------------------------------------------
START TRANSACTION;
USE `zulishop`;
INSERT INTO `zulishop`.`Comment` (`id`, `idProduct`, `idCliente`, `description`) VALUES (1, 1, 1, 'hermoso wooooo!!!!!!');
INSERT INTO `zulishop`.`Comment` (`id`, `idProduct`, `idCliente`, `description`) VALUES (2, 2, 2, 'No me gusta la ropa de esta marca');
INSERT INTO `zulishop`.`Comment` (`id`, `idProduct`, `idCliente`, `description`) VALUES (3, 3, 3, 'me encanta divino');
INSERT INTO `zulishop`.`Comment` (`id`, `idProduct`, `idCliente`, `description`) VALUES (4, 20, 1, 'esta muy caro!!');
INSERT INTO `zulishop`.`Comment` (`id`, `idProduct`, `idCliente`, `description`) VALUES (5, 40, 2, 'quiero este producto para mi hija');
INSERT INTO `zulishop`.`Comment` (`id`, `idProduct`, `idCliente`, `description`) VALUES (6, 36, 1, 'me gusta mucho este producto.');

COMMIT;


-- -----------------------------------------------------
-- Data for table `zulishop`.`Calification`
-- -----------------------------------------------------
START TRANSACTION;
USE `zulishop`;
INSERT INTO `zulishop`.`Calification` (`id`, `idProducto`, `idCliente`, `calification`) VALUES (1, 1, 1, 4);
INSERT INTO `zulishop`.`Calification` (`id`, `idProducto`, `idCliente`, `calification`) VALUES (2, 2, 2, 2);
INSERT INTO `zulishop`.`Calification` (`id`, `idProducto`, `idCliente`, `calification`) VALUES (3, 3, 3, 3);
INSERT INTO `zulishop`.`Calification` (`id`, `idProducto`, `idCliente`, `calification`) VALUES (4, 4, 1, 3);
INSERT INTO `zulishop`.`Calification` (`id`, `idProducto`, `idCliente`, `calification`) VALUES (5, 5, 2, 4);

COMMIT;

